"关键字","印象数","点击次数","点击率","平均排名"
"折线图配色","533","25","4.69%","5.68855872420263"
"kabsch 算法","86","4","4.65%","6.1278976744186"
"kabsch","63","2","3.17%","5.99999682539683"
"弥散圆","55","8","14.55%","5.40000363636364"
"molviewer","19","0","0%","6.89473684210526"
"晶体场分裂能","17","2","11.76%","6.70588235294118"
"偶极相互作用","12","0","0%","7.16666666666667"
"matlab反卷积","11","0","0%","5.54545454545455"
"等高线图配色","11","3","27.27%","11.7272727272727"
"晶体场分裂能计算","10","3","30%","6.7"
"折线图科研配色","10","1","10%","7.89999"
"科研折线图配色","10","0","0%","7.8"
