"页面","印象数","点击次数","点击率","平均排名"
"https://ycythu.github.io/2024/02/16/Color-Scheme.html","1130","45","3.98%","7.15575920353982"
"https://ycythu.github.io/2024/01/28/Wavelength-to-Color.html","583","46","7.89%","6.32933138936535"
"https://ycythu.github.io/2023/03/27/Kabsch-Algorithm.html","341","12","3.52%","6.31084721407625"
"https://ycythu.github.io/chemistry-collections/Crystal-Field-Splitting-Diagram.html","287","35","12.2%","8.03832055749129"
"https://ycythu.github.io/2023/07/03/Intermolecular-Interactions.html","245","7","2.86%","6.76733714285714"
"https://ycythu.github.io/2024/06/15/Fluorescence-Lifetimes.html","210","17","8.1%","6.29523666666667"
"https://ycythu.github.io/2025/07/27/circle-of-confusion.html","147","15","10.2%","5.7346843537415"
"https://ycythu.github.io/2024/01/19/AutoOrca.html","132","17","12.88%","6.08333106060606"
"https://ycythu.github.io/2023/08/27/H%C3%BCckel-Method.html","101","7","6.93%","5.12871386138614"
